{
  "Parameters": {
      "SolrUrl": {
          "Type": "string",
          "Description": "The Solr instance url.",
          "DefaultValue": "https://localhost:8840/solr"
        },
        "SolrService": {
          "Type": "string",
          "Description": "The name of the Solr service.",
          "DefaultValue": "solr-8.4.0"
        },
        "SolrRoot": {
          "Type": "string",
          "Description": "The file path to the Solr instance.",
          "DefaultValue": "c:\\Solr\\Solr-8.4.0"
        },
        "BaseConfig": {
          "Type": "string",
          "Description": "The configset to copy as a base for each core.",
          "DefaultValue": "_default"
        },
      "CorePrefix": {
          "Type": "string",
          "DefaultValue": "platform",
          "Description": "The prefix for each of the created indexes."
      },
      "CoreNameWithoutPrefix": {
        "Type": "string",
        "DefaultValue": "master_link_index",
        "Description": "The prefix for each of the created indexes."
    }
  },
  "Variables": {
      "Solr.FullRoot":    "[resolvepath(parameter('SolrRoot'))]",
      "Solr.Server":      "[joinpath(variable('Solr.FullRoot'), 'server', 'solr')]",
      "Solr.BaseConfigs": "[joinpath(variable('Solr.Server'), 'configsets', parameter('BaseConfig'))]",
      "Solr.SchemaFileName": "managed-schema",
      "Solr.Xpath.SchemaRoot": "//schema",
      "Solr.Xpath.UniqueKey": "[concat(variable('Solr.Xpath.SchemaRoot'), '/uniqueKey')]",
      "Solr.UniqueField" : "_uniqueid",
      "Solr.UniqueField.Attributes": {
          "name" : "[variable('Solr.UniqueField')]",
          "type": "string",
          "indexed": "true",
          "required": "true",
          "stored": "true"
      },

      "Master.Name":      "[concat(parameter('CorePrefix'), '_', parameter('CoreNameWithoutPrefix'))]",
      "Master.Root":      "[joinpath(variable('Solr.Server'), variable('Master.Name'))]",
      "Master.Conf":      "[joinpath(variable('Master.Root'), 'conf')]"
  },
  "Tasks": {
      "UnloadCores": {
    "Description" : "Unloads existing Cores (if exists)",
          "Type": "ManageSolrCore",
          "Params": [
              { "Action": "Unload", 
                  "Address": "[parameter('SolrUrl')]", 
                  "Arguments": {
                       "core": "[variable('Master.Name')]", 
                       "deleteInstanceDir": "true" 
                      }, 
                  "ErrorAction": "SilentlyContinue" 
              }
          ]
      },
      "CleanCores": {
    "Description" : "Creates/clears core paths.",
          "Type": "EnsurePath",
          "Params":{
              "Clean": [ "[variable('Master.Root')]" ]
          }
      },
      "PrepareCores": {
    "Description" : "Copies base configs into the core paths.",
          "Type": "Copy",
          "Params":[
              { 
                  "Source": "[joinpath(variable('Solr.BaseConfigs'), '*')]", 
                  "Destination": "[variable('Master.Root')]" 
              }
          ]
      },
      "AddSchemaUniqueKeyField": {
    "Description" : "Amends the core managed schema uniqueKey element.",
          "Type": "SetXml",
          "Params": [
              { 
                  "FilePath": "[joinpath(variable('Master.Conf'), variable('Solr.SchemaFileName'))]", 
                  "Xpath":"[variable('Solr.Xpath.SchemaRoot')]", 
                  "Element": "field", 
                  "Attributes": "[variable('Solr.UniqueField.Attributes')]" 
              }
          ]
      },
      "UpdateSchemaUniqueKey": {
    "Description" : "Amends the core managed schema uniqueKey element.",
          "Type": "SetXml",
          "Params": [
              { 
                  "FilePath": "[joinpath(variable('Master.Conf'), 'managed-schema')]", 
                  "Xpath":"[variable('Solr.Xpath.UniqueKey')]", 
                  "Value": "[variable('Solr.UniqueField')]" 
              }
          ]
      },
      "CreateCores":{
    "Description" : "Tells Solr to create the new cores.",
          "Type": "ManageSolrCore",
          "Params": [
              { 
                  "Action": "Create", 
                  "Address": "[parameter('SolrUrl')]", 
                  "Arguments": 
                  { 
                      "name": "[variable('Master.Name')]", 
                      "property.update.autoCreateFields": "false"                     
                  } 
              }
          ]
      }
  }    
}