{
    "Parameters": {
          "LoginSession":{
            "Type":"Microsoft.PowerShell.Commands.WebRequestSession",
            "Description":"Web Session to be used for downloading"
          },
          "Source":{
              "Type":"String",
              "Description":"Source Uri for file to be downloaded"
          },
          "Destination":{
              "Type":"String",
              "Description":"Destination Full Path (including file name) where the file will be stored"
          },
          "ProgressBar":{
              "Type":"Boolean",
              "DefaultValue":false,
              "Description":"Specifies whether the download progress bar should be displayed. Slower."
          }
    },
    "Tasks":{
        "DownloadModule":{
            "Type":"DownloadFile",
            "Params":{
                "SourceUri":"[parameter('Source')]",
                "DestinationPath":"[parameter('Destination')]",
                "LoginSession": "[parameter('LoginSession')]"
            }
        }
    }
}